Workbook

Sheet customer_data_removed_duplicate
A1: user_id | B1: country | C1: age | D1: gender | E1: subscription_type | F1: avg_listening_hours_per_week | G1: total_songs_played | H1: skip_rate | I1: satisfaction_score | J1: churned | K1: monthly_fee | L1: join_date | M1: join_date_UK | N1: Year of Join
A2: U1201 | B2: South Africa | C2: 41 | E2: Family | F2: 3 | G2: 529 | H2: 0.2 | J2: 0 | K2: 7.99 | L2: 08/08/2023 | M2: 45146 | N2: =YEAR(Raw_Data[[#This Row],[join_date_UK]]) -> 2023
A3: U1257 | B3: India | C3: 15 | E3: Family | F3: 0.3 | G3: 503 | H3: 0.3 | J3: 0 | L3: 03/30/2024 | M3: 45381 | N3: =YEAR(Raw_Data[[#This Row],[join_date_UK]]) -> 2024
A4: U1558 | B4: Nigeria | C4: 49 | D4: Female | E4: Family | F4: 5.6 | G4: 497 | H4: 0.15 | J4: 1 | K4: 7.99 | L4: 07/01/2023 | M4: 45108 | N4: =YEAR(Raw_Data[[#This Row],[join_date_UK]]) -> 2023
A5: U1693 | B5: Ghana | C5: 49 | D5: Female | E5: Family | F5: 8.8 | G5: 509 | H5: 0.1 | J5: 1 | K5: 9.99 | L5: 09/08/2024 | M5: 45543 | N5: =YEAR(Raw_Data[[#This Row],[join_date_UK]]) -> 2024
A6: U1486 | B6: Kenya | C6: 25 | D6: Other | E6: Family | F6: 6.3 | G6: 498 | H6: 0.3 | J6: 1 | K6: 12.99 | L6: 14/09/2023 | M6: 45183 | N6: =YEAR(Raw_Data[[#This Row],[join_date_UK]]) -> 2023
A7: U1345 | B7: Nepal | C7: 27 | D7: Male | E7: Family | F7: 6.2 | G7: 511 | H7: 0.2 | J7: 1 | L7: 28/03/2024 | M7: 45379 | N7: =YEAR(Raw_Data[[#This Row],[join_date_UK]]) -> 2024
A8: U1203 | B8: Nepal | C8: 62 | E8: Family | F8: 17.2 | G8: 508 | H8: 0.1 | J8: 1 | K8: 9.99 | L8: 12/08/2023 | M8: 45268 | N8: =YEAR(Raw_Data[[#This Row],[join_date_UK]]) -> 2023
A9: U1641 | B9: United Kingdom | C9: 62 | D9: Female | E9: Family | F9: 5.6 | G9: 484 | H9: 0.2 | J9: 0 | K9: 9.99 | L9: 08/12/2022 | M9: 44785 | N9: =YEAR(Raw_Data[[#This Row],[join_date_UK]]) -> 2022
A10: U1569 | B10: India | C10: 59 | D10: Male | E10: Family | F10: 13.8 | G10: 492 | H10: 0.05 | J10: 0 | K10: 5 | L10: 16/06/2023 | M10: 45093 | N10: =YEAR(Raw_Data[[#This Row],[join_date_UK]]) -> 2023
A11: U1694 | B11: USA | C11: 33 | D11: Female | E11: Family | F11: 14.8 | G11: 488 | H11: 0.3 | J11: 0 | K11: 9.99 | L11: 27/07/2024 | M11: 45500 | N11: =YEAR(Raw_Data[[#This Row],[join_date_UK]]) -> 2024
A12: U1225 | B12: Nepal | C12: 39 | D12: Male | E12: Family | F12: 8.5 | G12: 486 | H12: 0.15 | J12: 1 | L12: 27/06/2022 | M12: 44739 | N12: =YEAR(Raw_Data[[#This Row],[join_date_UK]]) -> 2022
A13: U1369 | B13: Ghana | C13: 48 | D13: Other | E13: Family | F13: 9 | G13: 477 | H13: 0.1 | J13: 0 | L13: 04/23/2022 | M13: 44674 | N13: =YEAR(Raw_Data[[#This Row],[join_date_UK]]) -> 2022
A14: U1637 | B14: United Kingdom | C14: 13 | D14: Male | E14: Family | F14: 11.3 | G14: 493 | H14: 0.2 | J14: 0 | K14: 5 | L14: 11/05/2022 | M14: 44870 | N14: =YEAR(Raw_Data[[#This Row],[join_date_UK]]) -> 2022
A15: U1592 | B15: USA | C15: 36 | D15: Male | E15: Free | F15: 0.9 | G15: 509 | H15: 0.3 | J15: 0 | K15: 0 | L15: 09/10/2022 | M15: 44814 | N15: =YEAR(Raw_Data[[#This Row],[join_date_UK]]) -> 2022
A16: U1548 | B16: Nigeria | C16: 63 | D16: Other | E16: Free | F16: 13.9 | G16: 467 | H16: 0.15 | J16: 0 | K16: 0 | L16: 03/20/2024 | M16: 45371 | N16: =YEAR(Raw_Data[[#This Row],[join_date_UK]]) -> 2024
A17: U1272 | B17: United Kingdom | C17: 22 | D17: Female | E17: Free | F17: 4.4 | G17: 499 | H17: 0.2 | J17: 0 | K17: 0 | L17: 05/26/2022 | M17: 44707 | N17: =YEAR(Raw_Data[[#This Row],[join_date_UK]]) -> 2022
A18: U1026 | B18: United Kingdom | C18: 23 | D18: Female | E18: Free | F18: 7.5 | G18: 497 | H18: 0.25 | J18: 0 | K18: 0 | L18: 08/04/2024 | M18: 45508 | N18: =YEAR(Raw_Data[[#This Row],[join_date_UK]]) -> 2024
A19: U1636 | B19: India | C19: 30 | E19: Free | F19: 17.9 | G19: 496 | H19: 0.2 | J19: 0 | K19: 0 | L19: 07/07/2024 | M19: 45480 | N19: =YEAR(Raw_Data[[#This Row],[join_date_UK]]) -> 2024
A20: U1552 | B20: United Kingdom | C20: 53 | D20: Other | E20: Free | F20: 10.7 | G20: 510 | H20: 0.2 | J20: 0 | K20: 0 | L20: 12/30/2022 | M20: 44925 | N20: =YEAR(Raw_Data[[#This Row],[join_date_UK]]) -> 2022
A21: U1155 | B21: India | C21: 39 | D21: Female | E21: Premium | F21: 0.3 | G21: 510 | H21: 0.1 | J21: 1 | K21: 9.99 | L21: 07/03/2024 | M21: 45476 | N21: =YEAR(Raw_Data[[#This Row],[join_date_UK]]) -> 2024
A22: U1657 | B22: India | C22: 22 | D22: Male | E22: Premium | F22: 3.6 | G22: 486 | H22: 0.1 | J22: 1 | L22: 28/07/2022 | M22: 44770 | N22: =YEAR(Raw_Data[[#This Row],[join_date_UK]]) -> 2022
A23: U1436 | B23: India | C23: 26 | D23: Female | E23: Premium | F23: 16.9 | G23: 490 | H23: 0.1 | J23: 0 | K23: 9.99 | L23: 14/05/2024 | M23: 45426 | N23: =YEAR(Raw_Data[[#This Row],[join_date_UK]]) -> 2024
A24: U1309 | B24: Brazil | C24: 18 | D24: Female | E24: Premium | F24: 12.8 | G24: 476 | H24: 0.3 | J24: 1 | K24: 9.99 | L24: 09/04/2023 | M24: 45173 | N24: =YEAR(Raw_Data[[#This Row],[join_date_UK]]) -> 2023
A25: U1215 | B25: United Kingdom | C25: 17 | D25: Male | E25: Premium | F25: 11.7 | G25: 495 | H25: 0.1 | J25: 1 | K25: 9.99 | L25: 27/08/2024 | M25: 45531 | N25: =YEAR(Raw_Data[[#This Row],[join_date_UK]]) -> 2024
A26: U1600 | B26: United Kingdom | C26: 41 | D26: Female | E26: Premium | F26: 8.7 | G26: 483 | H26: 0.05 | J26: 0 | K26: 9.99 | L26: 02/07/2024 | M26: 45329 | N26: =YEAR(Raw_Data[[#This Row],[join_date_UK]]) -> 2024
A27: U1141 | B27: United Kingdom | C27: 33 | D27: Male | E27: Premium | F27: 16.1 | G27: 505 | H27: 0.05 | J27: 1 | K27: 7.99 | L27: 31/05/2023 | M27: 45077 | N27: =YEAR(Raw_Data[[#This Row],[join_date_UK]]) -> 2023
A28: U1000 | B28: Kenya | C28: 18 | D28: Male | E28: Premium | F28: 6.3 | G28: 485 | H28: 0.05 | J28: 0 | K28: 7.99 | L28: 25/02/2023 | M28: 44982 | N28: =YEAR(Raw_Data[[#This Row],[join_date_UK]]) -> 2023
A29: U1085 | B29: Kenya | C29: 45 | D29: Male | E29: Premium | F29: 6 | G29: 487 | H29: 0.3 | J29: 0 | K29: 7.99 | L29: 10/07/2023 | M29: 45206 | N29: =YEAR(Raw_Data[[#This Row],[join_date_UK]]) -> 2023
A30: U1661 | B30: South Africa | C30: 45 | D30: Male | E30: Premium | F30: 11.2 | G30: 512 | H30: 0.05 | J30: 0 | K30: 5 | L30: 24/05/2024 | M30: 45436 | N30: =YEAR(Raw_Data[[#This Row],[join_date_UK]]) -> 2024
A31: U1042 | B31: Ghana | C31: 40 | D31: Male | E31: Premium | F31: 8.1 | G31: 484 | H31: 0.2 | J31: 0 | K31: 7.99 | L31: 05/06/2023 | M31: 45052 | N31: =YEAR(Raw_Data[[#This Row],[join_date_UK]]) -> 2023
A32: U1579 | B32: India | C32: 38 | D32: Female | E32: Premium | F32: 13.7 | G32: 525 | H32: 0.15 | J32: 0 | K32: 7.99 | L32: 23/05/2022 | M32: 44704 | N32: =YEAR(Raw_Data[[#This Row],[join_date_UK]]) -> 2022
A33: U1075 | B33: Nigeria | C33: 59 | D33: Female | E33: Premium | F33: 4.1 | G33: 506 | H33: 0.25 | J33: 1 | K33: 9.99 | L33: 08/03/2022 | M33: 44776 | N33: =YEAR(Raw_Data[[#This Row],[join_date_UK]]) -> 2022
A34: U1439 | B34: Nepal | C34: 50 | D34: Female | E34: Student | F34: 10.6 | G34: 490 | H34: 0.1 | J34: 1 | K34: 9.99 | L34: 16/11/2022 | M34: 44881 | N34: =YEAR(Raw_Data[[#This Row],[join_date_UK]]) -> 2022
A35: U1076 | B35: India | C35: 61 | D35: Male | E35: Student | F35: 16 | G35: 498 | H35: 0.05 | J35: 0 | L35: 15/02/2023 | M35: 44972 | N35: =YEAR(Raw_Data[[#This Row],[join_date_UK]]) -> 2023
A36: U1499 | B36: United Kingdom | C36: 16 | D36: Male | E36: Student | F36: 11.2 | G36: 485 | H36: 0.15 | J36: 0 | K36: 12.99 | L36: 05/30/2024 | M36: 45442 | N36: =YEAR(Raw_Data[[#This Row],[join_date_UK]]) -> 2024
A37: U1521 | B37: Nigeria | C37: 59 | D37: Female | E37: Student | F37: 0.3 | G37: 506 | H37: 0.1 | J37: 0 | K37: 7.99 | L37: 09/03/2023 | M37: 45172 | N37: =YEAR(Raw_Data[[#This Row],[join_date_UK]]) -> 2023
A38: U1344 | B38: Nepal | C38: 14 | D38: Male | E38: Student | F38: 15.8 | G38: 501 | H38: 0.25 | J38: 0 | K38: 9.99 | L38: 15/06/2024 | M38: 45458 | N38: =YEAR(Raw_Data[[#This Row],[join_date_UK]]) -> 2024
A39: U1622 | B39: Ghana | C39: 42 | D39: Female | E39: Student | F39: 4.5 | G39: 520 | H39: 0.15 | J39: 1 | K39: 12.99 | L39: 09/04/2023 | M39: 45173 | N39: =YEAR(Raw_Data[[#This Row],[join_date_UK]]) -> 2023
A40: U1475 | B40: India | C40: 49 | D40: Male | E40: Student | F40: 13.9 | G40: 480 | H40: 0.3 | J40: 0 | K40: 9.99 | L40: 03/12/2024 | M40: 45363 | N40: =YEAR(Raw_Data[[#This Row],[join_date_UK]]) -> 2024
A41: U1678 | B41: Nigeria | C41: 45 | D41: Female | E41: Student | F41: 11.2 | G41: 498 | H41: 0.1 | J41: 1 | L41: 01/04/2022 | M41: 44565 | N41: =YEAR(Raw_Data[[#This Row],[join_date_UK]]) -> 2022
A42: U1400 | B42: United Kingdom | C42: 56 | D42: Other | E42: Student | F42: 6 | G42: 492 | H42: 0.1 | J42: 0 | K42: 7.99 | L42: 01/06/2022 | M42: 44567 | N42: =YEAR(Raw_Data[[#This Row],[join_date_UK]]) -> 2022
A43: U1167 | B43: United Kingdom | C43: 17 | D43: Female | E43: Student | F43: 5.9 | G43: 514 | H43: 0.3 | J43: 1 | K43: 9.99 | L43: 20/10/2023 | M43: 45219 | N43: =YEAR(Raw_Data[[#This Row],[join_date_UK]]) -> 2023
A44: U1586 | B44: United Kingdom | C44: 46 | D44: Male | E44: Student | F44: 5.3 | G44: 524 | H44: 0.1 | J44: 0 | K44: 9.99 | L44: 03/19/2022 | M44: 44639 | N44: =YEAR(Raw_Data[[#This Row],[join_date_UK]]) -> 2022
A45: U1515 | B45: India | C45: 22 | E45: Student | F45: 10.5 | G45: 487 | H45: 0.05 | J45: 0 | K45: 9.99 | L45: 09/14/2022 | M45: 44818 | N45: =YEAR(Raw_Data[[#This Row],[join_date_UK]]) -> 2022
A46: U1527 | B46: Kenya | C46: 25 | D46: Female | E46: Family | F46: 10 | G46: 452 | H46: 0.1 | I46: 1 | J46: 0 | K46: 9.99 | L46: 18/06/2022 | M46: 44730 | N46: =YEAR(Raw_Data[[#This Row],[join_date_UK]]) -> 2022
A47: U1288 | B47: USA | C47: 57 | D47: Female | E47: Family | F47: 11.8 | G47: 530 | H47: 0.1 | I47: 1 | J47: 0 | K47: 7.99 | L47: 29/01/2023 | M47: 44955 | N47: =YEAR(Raw_Data[[#This Row],[join_date_UK]]) -> 2023
A48: U1002 | B48: Brazil | C48: 57 | D48: Male | E48: Family | F48: 7.4 | G48: 524 | H48: 0.15 | I48: 1 | J48: 1 | L48: 07/10/2024 | M48: 45483 | N48: =YEAR(Raw_Data[[#This Row],[join_date_UK]]) -> 2024
A49: U1036 | B49: USA | C49: 20 | D49: Female | E49: Family | F49: 22.3 | G49: 488 | H49: 0.25 | I49: 1 | J49: 1 | K49: 7.99 | L49: 14/03/2022 | M49: 44634 | N49: =YEAR(Raw_Data[[#This Row],[join_date_UK]]) -> 2022
A50: U1126 | B50: United Kingdom | C50: 46 | D50: Female | E50: Family | F50: 13.4 | G50: 526 | H50: 0.25 | I50: 1 | J50: 0 | K50: 7.99 | L50: 22/05/2023 | M50: 45068 | N50: =YEAR(Raw_Data[[#This Row],[join_date_UK]]) -> 2023
A51: U1666 | B51: Kenya | C51: 19 | D51: Male | E51: Family | F51: 6.7 | G51: 526 | H51: 0.05 | I51: 1 | J51: 0 | L51: 10/12/2022 | M51: 44846 | N51: =YEAR(Raw_Data[[#This Row],[join_date_UK]]) -> 2022
A52: U1528 | B52: United Kingdom | C52: 52 | D52: Female | E52: Family | F52: 15.4 | G52: 480 | H52: 0.2 | I52: 1 | J52: 0 | K52: 12.99 | L52: 03/11/2022 | M52: 44631 | N52: =YEAR(Raw_Data[[#This Row],[join_date_UK]]) -> 2022
A53: U1407 | B53: Nigeria | C53: 47 | D53: Male | E53: Family | F53: 0.2 | G53: 511 | H53: 0.05 | I53: 1 | J53: 0 | L53: 11/06/2022 | M53: 44871 | N53: =YEAR(Raw_Data[[#This Row],[join_date_UK]]) -> 2022
A54: U1396 | B54: United Kingdom | C54: 42 | D54: Male | E54: Family | F54: 10.2 | G54: 510 | H54: 0.3 | I54: 1 | J54: 0 | K54: 7.99 | L54: 07/02/2024 | M54: 45475 | N54: =YEAR(Raw_Data[[#This Row],[join_date_UK]]) -> 2024
A55: U1011 | B55: South Africa | C55: 48 | D55: Female | E55: Family | F55: 13.5 | G55: 468 | H55: 0.2 | I55: 1 | J55: 0 | K55: 9.99 | L55: 10/02/2023 | M55: 45201 | N55: =YEAR(Raw_Data[[#This Row],[join_date_UK]]) -> 2023
A56: U1498 | B56: India | C56: 59 | D56: Female | E56: Family | F56: 14.4 | G56: 468 | H56: 0.2 | I56: 1 | J56: 0 | K56: 9.99 | L56: 02/10/2023 | M56: 44967 | N56: =YEAR(Raw_Data[[#This Row],[join_date_UK]]) -> 2023
A57: U1322 | B57: United Kingdom | C57: 36 | D57: Other | E57: Family | F57: 8.5 | G57: 523 | H57: 0.1 | I57: 1 | J57: 0 | K57: 7.99 | L57: 04/25/2023 | M57: 45041 | N57: =YEAR(Raw_Data[[#This Row],[join_date_UK]]) -> 2023
A58: U1186 | B58: Brazil | C58: 59 | D58: Female | E58: Family | F58: 0.5 | G58: 490 | H58: 0.2 | I58: 1 | J58: 0 | K58: 9.99 | L58: 21/08/2024 | M58: 45525 | N58: =YEAR(Raw_Data[[#This Row],[join_date_UK]]) -> 2024
A59: U1047 | B59: India | C59: 39 | D59: Male | E59: Family | F59: 6.8 | G59: 512 | H59: 0.1 | I59: 1 | J59: 1 | K59: 7.99 | L59: 02/01/2024 | M59: 45323 | N59: =YEAR(Raw_Data[[#This Row],[join_date_UK]]) -> 2024
A60: U1460 | B60: Nigeria | C60: 20 | D60: Male | E60: Family | F60: 7.8 | G60: 518 | H60: 0.2 | I60: 1 | J60: 0 | K60: 5 | L60: 08/16/2023 | M60: 45154 | N60: =YEAR(Raw_Data[[#This Row],[join_date_UK]]) -> 2023
A61: U1559 | B61: South Africa | C61: 33 | D61: Male | E61: Family | F61: 8.5 | G61: 507 | H61: 0.15 | I61: 1 | J61: 1 | K61: 9.99 | L61: 16/12/2022 | M61: 44911 | N61: =YEAR(Raw_Data[[#This Row],[join_date_UK]]) -> 2022
A62: U1135 | B62: Nepal | C62: 29 | D62: Male | E62: Family | F62: 16.6 | G62: 491 | H62: 0.2 | I62: 1 | J62: 0 | K62: 9.99 | L62: 13/03/2022 | M62: 44633 | N62: =YEAR(Raw_Data[[#This Row],[join_date_UK]]) -> 2022
A63: U1574 | B63: Ghana | C63: 38 | D63: Female | E63: Family | F63: 1.5 | G63: 458 | H63: 0.05 | I63: 1 | J63: 1 | K63: 9.99 | L63: 09/17/2023 | M63: 45186 | N63: =YEAR(Raw_Data[[#This Row],[join_date_UK]]) -> 2023
A64: U1668 | B64: India | C64: 20 | D64: Female | E64: Family | F64: 9.4 | G64: 507 | H64: 0.3 | I64: 1 | J64: 1 | K64: 9.99 | L64: 06/01/2022 | M64: 44713 | N64: =YEAR(Raw_Data[[#This Row],[join_date_UK]]) -> 2022
A65: U1648 | B65: Nepal | C65: 63 | D65: Female | E65: Family | F65: 9.1 | G65: 481 | H65: 0.2 | I65: 1 | J65: 0 | K65: 9.99 | L65: 02/03/2024 | M65: 45325 | N65: =YEAR(Raw_Data[[#This Row],[join_date_UK]]) -> 2024
... A75: U1005 | B75: Kenya | C75: 59 | D75: Female | E75: Free | F75: 12.9 | G75: 519 | H75: 0.25 | I75: 1 | J75: 0 | K75: 0 | L75: 21/10/2023 | M75: 45220 | N75: =YEAR(Raw_Data[[#This Row],[join_date_UK]]) -> 2023
A76: U1262 | B76: Nigeria | C76: 59 | E76: Free | F76: 7.4 | G76: 502 | H76: 0.25 | I76: 1 | J76: 1 | K76: 0 | L76: 27/06/2022 | M76: 44739 | N76: =YEAR(Raw_Data[[#This Row],[join_date_UK]]) -> 2022
A77: U1367 | B77: United Kingdom | C77: 49 | D77: Male | E77: Free | F77: 12.7 | G77: 511 | H77: 0.15 | I77: 1 | J77: 0 | K77: 0 | L77: 24/10/2023 | M77: 45223 | N77: =YEAR(Raw_Data[[#This Row],[join_date_UK]]) -> 2023
A78: U1229 | B78: United Kingdom | C78: 34 | E78: Free | F78: 19.4 | G78: 508 | H78: 0.25 | I78: 1 | J78: 0 | K78: 0 | L78: 04/08/2022 | M78: 44659 | N78: =YEAR(Raw_Data[[#This Row],[join_date_UK]]) -> 2022
A79: U1454 | B79: United Kingdom | C79: 63 | D79: Female | E79: Free | F79: 11.3 | G79: 492 | H79: 0.1 | I79: 1 | J79: 0 | K79: 0 | L79: 09/09/2022 | M79: 44813 | N79: =YEAR(Raw_Data[[#This Row],[join_date_UK]]) -> 2022
A80: U1523 | B80: South Africa | C80: 58 | E80: Free | F80: 3.8 | G80: 498 | H80: 0.15 | I80: 1 | J80: 0 | K80: 0 | L80: 16/01/2022 | M80: 44577 | N80: =YEAR(Raw_Data[[#This Row],[join_date_UK]]) -> 2022
A81: U1041 | B81: India | C81: 62 | D81: Other | E81: Free | F81: 10.3 | G81: 466 | H81: 0.15 | I81: 1 | J81: 0 | K81: 0 | L81: 24/11/2023 | M81: 45254 | N81: =YEAR(Raw_Data[[#This Row],[join_date_UK]]) -> 2023
A82: U1432 | B82: Nigeria | C82: 52 | D82: Female | E82: Free | F82: 8 | G82: 496 | H82: 0.25 | I82: 1 | J82: 0 | K82: 0 | L82: 11/12/2022 | M82: 44877 | N82: =YEAR(Raw_Data[[#This Row],[join_date_UK]]) -> 2022
A83: U1577 | B83: India | C83: 64 | D83: Male | E83: Premium | F83: 7.6 | G83: 461 | H83: 0.15 | I83: 1 | J83: 0 | K83: 9.99 | L83: 29/01/2022 | M83: 44590 | N83: =YEAR(Raw_Data[[#This Row],[join_date_UK]]) -> 2022
A84: U1561 | B84: Nigeria | C84: 58 | D84: Male | E84: Premium | F84: 7.5 | G84: 524 | H84: 0.1 | I84: 1 | J84: 1 | K84: 7.99 | L84: 05/18/2023 | M84: 45064 | N84: =YEAR(Raw_Data[[#This Row],[join_date_UK]]) -> 2023
A85: U1357 | B85: USA | C85: 32 | D85: Other | E85: Premium | F85: 10 | G85: 500 | H85: 0.3 | I85: 1 | J85: 0 | K85: 9.99 | L85: 24/12/2022 | M85: 44919 | N85: =YEAR(Raw_Data[[#This Row],[join_date_UK]]) -> 2022
A86: U1251 | B86: United Kingdom | C86: 14 | E86: Premium | F86: 4.6 | G86: 480 | H86: 0.1 | I86: 1 | J86: 1 | K86: 7.99 | L86: 22/03/2022 | M86: 44642 | N86: =YEAR(Raw_Data[[#This Row],[join_date_UK]]) -> 2022
A87: U1567 | B87: India | C87: 27 | D87: Female | E87: Premium | F87: 1.3 | G87: 480 | H87: 0.2 | I87: 1 | J87: 0 | K87: 9.99 | L87: 15/12/2022 | M87: 44910 | N87: =YEAR(Raw_Data[[#This Row],[join_date_UK]]) -> 2022
A88: U1078 | B88: United Kingdom | C88: 33 | D88: Other | E88: Premium | F88: 14.4 | G88: 487 | H88: 0.15 | I88: 1 | J88: 0 | K88: 9.99 | L88: 28/07/2023 | M88: 45135 | N88: =YEAR(Raw_Data[[#This Row],[join_date_UK]]) -> 2023
A89: U1372 | B89: United Kingdom | C89: 15 | D89: Other | E89: Premium | F89: 14.9 | G89: 484 | H89: 0.2 | I89: 1 | J89: 0 | K89: 12.99 | L89: 30/10/2023 | M89: 45229 | N89: =YEAR(Raw_Data[[#This Row],[join_date_UK]]) -> 2023
A90: U1470 | B90: Nigeria | C90: 39 | D90: Other | E90: Premium | F90: 5.4 | G90: 473 | H90: 0.3 | I90: 1 | J90: 0 | K90: 7.99 | L90: 01/02/2024 | M90: 45293 | N90: =YEAR(Raw_Data[[#This Row],[join_date_UK]]) -> 2024
A91: U1412 | B91: USA | C91: 41 | D91: Male | E91: Premium | F91: 7.5 | G91: 494 | H91: 0.2 | I91: 1 | J91: 0 | K91: 7.99 | L91: 10/24/2022 | M91: 44858 | N91: =YEAR(Raw_Data[[#This Row],[join_date_UK]]) -> 2022
A92: U1240 | B92: South Africa | C92: 47 | E92: Premium | F92: 3.9 | G92: 483 | H92: 0.25 | I92: 1 | J92: 0 | K92: 12.99 | L92: 13/10/2022 | M92: 44847 | N92: =YEAR(Raw_Data[[#This Row],[join_date_UK]]) -> 2022
A93: U1130 | B93: South Africa | C93: 13 | D93: Female | E93: Premium | F93: 11.4 | G93: 492 | H93: 0.25 | I93: 1 | J93: 0 | K93: 12.99 | L93: 06/13/2024 | M93: 45456 | N93: =YEAR(Raw_Data[[#This Row],[join_date_UK]]) -> 2024
A94: U1536 | B94: United Kingdom | C94: 56 | D94: Female | E94: Premium | F94: 5.6 | G94: 516 | H94: 0.05 | I94: 1 | J94: 1 | K94: 9.99 | L94: 06/22/2023 | M94: 45099 | N94: =YEAR(Raw_Data[[#This Row],[join_date_UK]]) -> 2023
A95: U1315 | B95: India | C95: 18 | D95: Male | E95: Premium | F95: 8.4 | G95: 479 | H95: 0.1 | I95: 1 | J95: 0 | K95: 9.99 | L95: 15/12/2023 | M95: 45275 | N95: =YEAR(Raw_Data[[#This Row],[join_date_UK]]) -> 2023
A96: U1581 | B96: South Africa | C96: 50 | D96: Male | E96: Student | F96: 16.4 | G96: 483 | H96: 0.05 | I96: 1 | J96: 1 | K96: 9.99 | L96: 06/01/2023 | M96: 45078 | N96: =YEAR(Raw_Data[[#This Row],[join_date_UK]]) -> 2023
A97: U1123 | B97: Ghana | C97: 20 | D97: Female | E97: Student | F97: 16.5 | G97: 491 | H97: 0.2 | I97: 1 | J97: 0 | L97: 04/19/2023 | M97: 45035 | N97: =YEAR(Raw_Data[[#This Row],[join_date_UK]]) -> 2023
A98: U1334 | B98: Kenya | C98: 32 | D98: Male | E98: Student | F98: 6.4 | G98: 488 | H98: 0.15 | I98: 1 | J98: 1 | K98: 9.99 | L98: 15/12/2023 | M98: 45275 | N98: =YEAR(Raw_Data[[#This Row],[join_date_UK]]) -> 2023
A99: U1631 | B99: India | C99: 41 | D99: Female | E99: Student | F99: 2.6 | G99: 542 | H99: 0.3 | I99: 1 | J99: 1 | L99: 05/05/2022 | M99: 44686 | N99: =YEAR(Raw_Data[[#This Row],[join_date_UK]]) -> 2022
A100: U1159 | B100: Kenya | C100: 50 | D100: Male | E100: Student | F100: 8.3 | G100: 518 | H100: 0.1 | I100: 1 | J100: 1 | L100: 01/31/2023 | M100: 44957 | N100: =YEAR(Raw_Data[[#This Row],[join_date_UK]]) -> 2023
A101: U1329 | B101: United Kingdom | C101: 48 | D101: Male | E101: Student | F101: 9.7 | G101: 530 | H101: 0.1 | I101: 1 | J101: 0 | L101: 15/05/2023 | M101: 45061 | N101: =YEAR(Raw_Data[[#This Row],[join_date_UK]]) -> 2023
A102: U1300 | B102: United Kingdom | C102: 31 | D102: Male | E102: Student | F102: 11.2 | G102: 532 | H102: 0.1 | I102: 1 | J102: 0 | L102: 11/29/2023 | M102: 45259 | N102: =YEAR(Raw_Data[[#This Row],[join_date_UK]]) -> 2023
A103: U1473 | B103: Ghana | C103: 50 | D103: Female | E103: Student | F103: 8.5 | G103: 526 | H103: 0.1 | I103: 1 | J103: 1 | L103: 16/10/2022 | M103: 44850 | N103: =YEAR(Raw_Data[[#This Row],[join_date_UK]]) -> 2022
A104: U1214 | B104: United Kingdom | C104: 13 | D104: Female | E104: Student | F104: 12.9 | G104: 509 | H104: 0.1 | I104: 1 | J104: 1 | K104: 12.99 | L104: 17/01/2022 | M104: 44578 | N104: =YEAR(Raw_Data[[#This Row],[join_date_UK]]) -> 2022
A105: U1325 | B105: Ghana | C105: 63 | E105: Student | F105: 19.1 | G105: 477 | H105: 0.1 | I105: 1 | J105: 0 | K105: 9.99 | L105: 07/29/2023 | M105: 45136 | N105: =YEAR(Raw_Data[[#This Row],[join_date_UK]]) -> 2023
A106: U1070 | B106: South Africa | C106: 17 | D106: Female | E106: Student | F106: 4.8 | G106: 501 | H106: 0.25 | I106: 1 | J106: 1 | K106: 12.99 | L106: 01/08/2024 | M106: 45299 | N106: =YEAR(Raw_Data[[#This Row],[join_date_UK]]) -> 2024
A107: U1488 | B107: Nepal | C107: 59 | D107: Other | E107: Student | F107: 11.7 | G107: 495 | H107: 0.1 | I107: 1 | J107: 0 | K107: 5 | L107: 23/03/2023 | M107: 45008 | N107: =YEAR(Raw_Data[[#This Row],[join_date_UK]]) -> 2023
A108: U1618 | B108: India | C108: 19 | D108: Male | E108: Student | F108: 10 | G108: 472 | H108: 0.1 | I108: 1 | J108: 0 | K108: 7.99 | L108: 09/24/2022 | M108: 44828 | N108: =YEAR(Raw_Data[[#This Row],[join_date_UK]]) -> 2022
A109: U1368 | B109: USA | C109: 23 | E109: Student | F109: 13.8 | G109: 519 | H109: 0.3 | I109: 1 | J109: 0 | L109: 05/06/2023 | M109: 45052 | N109: =YEAR(Raw_Data[[#This Row],[join_date_UK]]) -> 2023
...

Sheet Churn Analysis
A1: Satisfaction | B1: Churn | D1: Country | E1: Subscriber Number | F1: Churn Rate | K1: Age Range | L1: Subscriber Number | M1: Churn Rate | S1: Sub Type | T1: Av Churn | W1: Total Songs | X1: Skip Rate | Y1: Average Listening Hours | Z1: Churn Rate | AD1: Total Songs | AE1: Skip Rate | AF1: Average Listening Hours | AG1: Churn Rate | AK1: Year | AL1: Average Churn
A2: 1 | B2: =AVERAGEIF(Raw_Data[satisfaction_score],'Churn Analysis'!A2,Raw_Data[churned]) -> 0.26027397 | D2: {=_xlfn.UNIQUE(Raw_Data[country])} -> South Africa | E2: =COUNTIF(Raw_Data[country],'Churn Analysis'!D2) -> 55 | F2: =AVERAGEIFS(Raw_Data[churned],Raw_Data[country],'Churn Analysis'!D2,Raw_Data[churned],"<>"&"") -> 0.27272727 | K2: under 18 | L2: 74 | M2: 0.35135135 | S2: Family | T2: =AVERAGEIF(Raw_Data[subscription_type],'Churn Analysis'!S2,Raw_Data[churned]) -> 0.33014354 | W2: Up to 450 | X2: =AVERAGEIF(Raw_Data[total_songs_played],"<=450",Raw_Data[skip_rate]) -> 0.19285714 | Y2: =AVERAGEIFS(Raw_Data[avg_listening_hours_per_week],Raw_Data[total_songs_played],"<=450") -> 7.2142857 | Z2: =AVERAGEIFS(Raw_Data[churned],Raw_Data[total_songs_played],"<=450") -> 0.14285714 | AD2: Up to 450 | AE2: =AVERAGEIFS(Raw_Data[skip_rate],Raw_Data[total_songs_played],"<451",Raw_Data[subscription_type],"Free") -> #DIV/0! | AF2: =AVERAGEIFS(Raw_Data[avg_listening_hours_per_week],Raw_Data[total_songs_played],"<=450",Raw_Data[subscription_type],"Free") -> #DIV/0! | AG2: =AVERAGEIFS(Raw_Data[churned],Raw_Data[total_songs_played],"<=450",Raw_Data[subscription_type],"Free") -> #DIV/0! | AK2: 2022 | AL2: =AVERAGEIFS(Raw_Data[churned],Raw_Data[Year of Join],AK2) -> 0.3297491
A3: 2 | B3: =AVERAGEIF(Raw_Data[satisfaction_score],'Churn Analysis'!A3,Raw_Data[churned]) -> 0.36792453 | D3: India | E3: =COUNTIF(Raw_Data[country],'Churn Analysis'!D3) -> 114 | F3: =AVERAGEIFS(Raw_Data[churned],Raw_Data[country],'Churn Analysis'!D3,Raw_Data[churned],"<>"&"") -> 0.24561404 | K3: 18 - 24 | L3: 94 | M3: 0.32432432 | S3: Free | T3: =AVERAGEIF(Raw_Data[subscription_type],'Churn Analysis'!S3,Raw_Data[churned]) -> 0.25490196 | W3: 451 - 475 | X3: =AVERAGEIFS(Raw_Data[skip_rate],Raw_Data[total_songs_played],">450",Raw_Data[total_songs_played],"<=475") -> 0.17444444 | Y3: =AVERAGEIFS(Raw_Data[avg_listening_hours_per_week],Raw_Data[total_songs_played],">=451",Raw_Data[total_songs_played],"<=475") -> 10.525556 | Z3: =AVERAGEIFS(Raw_Data[churned],Raw_Data[total_songs_played],">=451",Raw_Data[total_songs_played],"<=475") -> 0.25555556 | AD3: 451 - 475 | AE3: =AVERAGEIFS(Raw_Data[skip_rate],Raw_Data[total_songs_played],">450",Raw_Data[total_songs_played],"<=475",Raw_Data[subscription_type],"Free") -> 0.195 | AF3: =AVERAGEIFS(Raw_Data[avg_listening_hours_per_week],Raw_Data[total_songs_played],">=451",Raw_Data[total_songs_played],"<=475",Raw_Data[subscription_type],"Free") -> 7.63 | AG3: =AVERAGEIFS(Raw_Data[churned],Raw_Data[total_songs_played],">=451",Raw_Data[total_songs_played],"<=475",Raw_Data[subscription_type],"Free") -> 0.1 | AK3: 2023 | AL3: =AVERAGEIFS(Raw_Data[churned],Raw_Data[Year of Join],AK3) -> 0.3040293
A4: 3 | B4: =AVERAGEIF(Raw_Data[satisfaction_score],'Churn Analysis'!A4,Raw_Data[churned]) -> 0.2489083 | D4: Nigeria | E4: =COUNTIF(Raw_Data[country],'Churn Analysis'!D4) -> 65 | F4: =AVERAGEIFS(Raw_Data[churned],Raw_Data[country],'Churn Analysis'!D4,Raw_Data[churned],"<>"&"") -> 0.38461538 | K4: 25 - 34 | L4: 120 | M4: 0.28985507 | S4: Premium | T4: =AVERAGEIF(Raw_Data[subscription_type],'Churn Analysis'!S4,Raw_Data[churned]) -> 0.31182796 | W4: 476 - 500 | X4: =AVERAGEIFS(Raw_Data[skip_rate],Raw_Data[total_songs_played],">=476",Raw_Data[total_songs_played],"<=500") -> 0.17314488 | Y4: =AVERAGEIFS(Raw_Data[avg_listening_hours_per_week],Raw_Data[total_songs_played],">=476",Raw_Data[total_songs_played],"<=500") -> 10.198233 | Z4: =AVERAGEIFS(Raw_Data[churned],Raw_Data[total_songs_played],">=476",Raw_Data[total_songs_played],"<=500") -> 0.28268551 | AD4: 476 - 500 | AE4: =AVERAGEIFS(Raw_Data[skip_rate],Raw_Data[total_songs_played],">=476",Raw_Data[total_songs_played],"<=500",Raw_Data[subscription_type],"Free") -> 0.18953488 | AF4: =AVERAGEIFS(Raw_Data[avg_listening_hours_per_week],Raw_Data[total_songs_played],">=476",Raw_Data[total_songs_played],"<=500",Raw_Data[subscription_type],"Free") -> 9.5325581 | AG4: =AVERAGEIFS(Raw_Data[churned],Raw_Data[total_songs_played],">=476",Raw_Data[total_songs_played],"<=500",Raw_Data[subscription_type],"Free") -> 0.23255814 | AK4: 2024 | AL4: =AVERAGEIFS(Raw_Data[churned],Raw_Data[Year of Join],AK4) -> 0.26351351
A5: 4 | B5: =AVERAGEIF(Raw_Data[satisfaction_score],'Churn Analysis'!A5,Raw_Data[churned]) -> 0.34210526 | D5: Ghana | E5: =COUNTIF(Raw_Data[country],'Churn Analysis'!D5) -> 56 | F5: =AVERAGEIFS(Raw_Data[churned],Raw_Data[country],'Churn Analysis'!D5,Raw_Data[churned],"<>"&"") -> 0.375 | K5: 35 - 44 | L5: 143 | M5: 0.2972973 | S5: Student | T5: =AVERAGEIF(Raw_Data[subscription_type],'Churn Analysis'!S5,Raw_Data[churned]) -> 0.30049261 | W5: 501 - 525 | X5: =AVERAGEIFS(Raw_Data[skip_rate],Raw_Data[total_songs_played],">=501",Raw_Data[total_songs_played],"<=525") -> 0.16554622 | Y5: =AVERAGEIFS(Raw_Data[avg_listening_hours_per_week],Raw_Data[total_songs_played],">=501",Raw_Data[total_songs_played],"<=525") -> 9.6432773 | Z5: =AVERAGEIFS(Raw_Data[churned],Raw_Data[total_songs_played],">=501",Raw_Data[total_songs_played],"<=525") -> 0.36134454 | AD5: 501 - 525 | AE5: =AVERAGEIFS(Raw_Data[skip_rate],Raw_Data[total_songs_played],">=501",Raw_Data[total_songs_played],"<=525",Raw_Data[subscription_type],"Free") -> 0.17285714 | AF5: =AVERAGEIFS(Raw_Data[avg_listening_hours_per_week],Raw_Data[total_songs_played],">=501",Raw_Data[total_songs_played],"<=525",Raw_Data[subscription_type],"Free") -> 11.074286 | AG5: =AVERAGEIFS(Raw_Data[churned],Raw_Data[total_songs_played],">=501",Raw_Data[total_songs_played],"<=525",Raw_Data[subscription_type],"Free") -> 0.31428571
A6: 5 | B6: =AVERAGEIF(Raw_Data[satisfaction_score],'Churn Analysis'!A6,Raw_Data[churned]) -> 0.32291667 | D6: Kenya | E6: =COUNTIF(Raw_Data[country],'Churn Analysis'!D6) -> 65 | F6: =AVERAGEIFS(Raw_Data[churned],Raw_Data[country],'Churn Analysis'!D6,Raw_Data[churned],"<>"&"") -> 0.32307692 | K6: 45 - 54 | L6: 130 | M6: 0.3 | W6: 526 - 550 | X6: =AVERAGEIFS(Raw_Data[skip_rate],Raw_Data[total_songs_played],">=526",Raw_Data[total_songs_played],"<=550") -> 0.14057971 | Y6: =AVERAGEIFS(Raw_Data[avg_listening_hours_per_week],Raw_Data[total_songs_played],">=526",Raw_Data[total_songs_played],"<=550") -> 10.346377 | Z6: =AVERAGEIFS(Raw_Data[churned],Raw_Data[total_songs_played],">=526",Raw_Data[total_songs_played],"<=550") -> 0.31884058 | AD6: 526 - 550 | AE6: =AVERAGEIFS(Raw_Data[skip_rate],Raw_Data[total_songs_played],">=526",Raw_Data[total_songs_played],"<=550",Raw_Data[subscription_type],"Free") -> 0.14583333 | AF6: =AVERAGEIFS(Raw_Data[avg_listening_hours_per_week],Raw_Data[total_songs_played],">=526",Raw_Data[total_songs_played],"<=550",Raw_Data[subscription_type],"Free") -> 9.8333333 | AG6: =AVERAGEIFS(Raw_Data[churned],Raw_Data[total_songs_played],">=526",Raw_Data[total_songs_played],"<=550",Raw_Data[subscription_type],"Free") -> 0.33333333 | AK6: Good short term retention. Issues holding people for the longer term.
D7: Nepal | E7: =COUNTIF(Raw_Data[country],'Churn Analysis'!D7) -> 46 | F7: =AVERAGEIFS(Raw_Data[churned],Raw_Data[country],'Churn Analysis'!D7,Raw_Data[churned],"<>"&"") -> 0.26086957 | K7: 55 - 64 | L7: 139 | M7: 0.31884058 | W7: 551 - 575 | X7: =AVERAGEIFS(Raw_Data[skip_rate],Raw_Data[total_songs_played],">=551",Raw_Data[total_songs_played],"<=575") -> 0.18846154 | Y7: =AVERAGEIFS(Raw_Data[avg_listening_hours_per_week],Raw_Data[total_songs_played],">=551",Raw_Data[total_songs_played],"<=575") -> 9.6 | Z7: =AVERAGEIFS(Raw_Data[churned],Raw_Data[total_songs_played],">=551",Raw_Data[total_songs_played],"<=575") -> 0.15384615 | AD7: 551 - 575 | AE7: =AVERAGEIFS(Raw_Data[skip_rate],Raw_Data[total_songs_played],">=551",Raw_Data[total_songs_played],"<=575",Raw_Data[subscription_type],"Free") -> 0.225 | AF7: =AVERAGEIFS(Raw_Data[avg_listening_hours_per_week],Raw_Data[total_songs_played],">=551",Raw_Data[total_songs_played],"<=575",Raw_Data[subscription_type],"Free") -> 9.8 | AG7: =AVERAGEIFS(Raw_Data[churned],Raw_Data[total_songs_played],">=551",Raw_Data[total_songs_played],"<=575",Raw_Data[subscription_type],"Free") -> 0
D8: United Kingdom | E8: =COUNTIF(Raw_Data[country],'Churn Analysis'!D8) -> 183 | F8: =AVERAGEIFS(Raw_Data[churned],Raw_Data[country],'Churn Analysis'!D8,Raw_Data[churned],"<>"&"") -> 0.32240437 | S8: 1. Price potentially a main factor
D9: USA | E9: =COUNTIF(Raw_Data[country],'Churn Analysis'!D9) -> 76 | F9: =AVERAGEIFS(Raw_Data[churned],Raw_Data[country],'Churn Analysis'!D9,Raw_Data[churned],"<>"&"") -> 0.23684211
D10: Brazil | E10: =COUNTIF(Raw_Data[country],'Churn Analysis'!D10) -> 40 | F10: =AVERAGEIFS(Raw_Data[churned],Raw_Data[country],'Churn Analysis'!D10,Raw_Data[churned],"<>"&"") -> 0.375
A12: Recommendation: 1. No strong correlation between satisfaction and churn. Recommend reviewing feedback questionaire and improving satisfaction calculation.
W24: 1. No strong correlation between skip and churn measured against number of songs played. Algorythm most optimalat 526 - 550 listens, and then takes a downturn in efficiency (skip rate). Recommendation: Examine this anomaly. 2. Most likely to lose listerners between 501 - 550 listens, after which loyalty significantly solidifies. Need to encentivise listeners to stay throught this period.
D27: Recommendation: 1. Lowest churn in Nepal, India and USA. 2. Highest churn in Brazil, Ghana, Nigeria. 3. Concentrate on increasing membership in core markets: India, USA. 4. Prioritise reducing UK churn & Brazil due to high spend per customer.
K28: Recommendation: 1. Core Market 35 -64. 2. Minimise churn within core market. Further study into type of music most listened to with fewest skips and algorythnm recommendation optimisation.

Sheet Age Categories
B1: Age | C1: N Users | D1: Churned | F1: Age Range | G1: N Users | H1: Churn Rate
A2: under 18 | B2: 13 | C2: =COUNTIF(Raw_Data[age],'Age Categories'!B2) -> 17 | D2: =SUMIF(Raw_Data[age],'Age Categories'!B2,Raw_Data[churned]) -> 6 | F2: under 18 | G2: =SUMIF(A:A,F2,C:C) -> 74 | H2: =SUM(D2:D6)/SUM(C2:C6) -> 0.35135135
A3: under 18 | B3: 14 | C3: =COUNTIF(Raw_Data[age],'Age Categories'!B3) -> 13 | D3: =SUMIF(Raw_Data[age],'Age Categories'!B3,Raw_Data[churned]) -> 4 | F3: 18 - 24 | G3: =SUMIF(A:A,F3,C:C) -> 94 | H3: =SUM(D3:D7)/SUM(C3:C7) -> 0.32432432
A4: under 18 | B4: 15 | C4: =COUNTIF(Raw_Data[age],'Age Categories'!B4) -> 13 | D4: =SUMIF(Raw_Data[age],'Age Categories'!B4,Raw_Data[churned]) -> 4 | F4: 25 - 34 | G4: =SUMIF(A:A,F4,C:C) -> 120 | H4: =SUM(D4:D8)/SUM(C4:C8) -> 0.28985507
A5: under 18 | B5: 16 | C5: =COUNTIF(Raw_Data[age],'Age Categories'!B5) -> 14 | D5: =SUMIF(Raw_Data[age],'Age Categories'!B5,Raw_Data[churned]) -> 5 | F5: 35 - 44 | G5: =SUMIF(A:A,F5,C:C) -> 143 | H5: =SUM(D5:D9)/SUM(C5:C9) -> 0.2972973
A6: under 18 | B6: 17 | C6: =COUNTIF(Raw_Data[age],'Age Categories'!B6) -> 17 | D6: =SUMIF(Raw_Data[age],'Age Categories'!B6,Raw_Data[churned]) -> 7 | F6: 45 - 54 | G6: =SUMIF(A:A,F6,C:C) -> 130 | H6: =SUM(D6:D10)/SUM(C6:C10) -> 0.3
A7: 18 - 24 | B7: 18 | C7: =COUNTIF(Raw_Data[age],'Age Categories'!B7) -> 17 | D7: =SUMIF(Raw_Data[age],'Age Categories'!B7,Raw_Data[churned]) -> 4 | F7: 55 - 64 | G7: =SUMIF(A:A,F7,C:C) -> 139 | H7: =SUM(D7:D11)/SUM(C7:C11) -> 0.31884058
A8: 18 - 24 | B8: 19 | C8: =COUNTIF(Raw_Data[age],'Age Categories'!B8) -> 8 | D8: =SUMIF(Raw_Data[age],'Age Categories'!B8,Raw_Data[churned]) -> 0
A9: 18 - 24 | B9: 20 | C9: =COUNTIF(Raw_Data[age],'Age Categories'!B9) -> 18 | D9: =SUMIF(Raw_Data[age],'Age Categories'!B9,Raw_Data[churned]) -> 6
A10: 18 - 24 | B10: 21 | C10: =COUNTIF(Raw_Data[age],'Age Categories'!B10) -> 10 | D10: =SUMIF(Raw_Data[age],'Age Categories'!B10,Raw_Data[churned]) -> 4
A11: 18 - 24 | B11: 22 | C11: =COUNTIF(Raw_Data[age],'Age Categories'!B11) -> 16 | D11: =SUMIF(Raw_Data[age],'Age Categories'!B11,Raw_Data[churned]) -> 8
A12: 18 - 24 | B12: 23 | C12: =COUNTIF(Raw_Data[age],'Age Categories'!B12) -> 16 | D12: =SUMIF(Raw_Data[age],'Age Categories'!B12,Raw_Data[churned]) -> 7
A13: 18 - 24 | B13: 24 | C13: =COUNTIF(Raw_Data[age],'Age Categories'!B13) -> 9 | D13: =SUMIF(Raw_Data[age],'Age Categories'!B13,Raw_Data[churned]) -> 3
A14: 25 - 34 | B14: 25 | C14: =COUNTIF(Raw_Data[age],'Age Categories'!B14) -> 11 | D14: =SUMIF(Raw_Data[age],'Age Categories'!B14,Raw_Data[churned]) -> 2
A15: 25 - 34 | B15: 26 | C15: =COUNTIF(Raw_Data[age],'Age Categories'!B15) -> 17 | D15: =SUMIF(Raw_Data[age],'Age Categories'!B15,Raw_Data[churned]) -> 5
A16: 25 - 34 | B16: 27 | C16: =COUNTIF(Raw_Data[age],'Age Categories'!B16) -> 13 | D16: =SUMIF(Raw_Data[age],'Age Categories'!B16,Raw_Data[churned]) -> 5
A17: 25 - 34 | B17: 28 | C17: =COUNTIF(Raw_Data[age],'Age Categories'!B17) -> 7 | D17: =SUMIF(Raw_Data[age],'Age Categories'!B17,Raw_Data[churned]) -> 3
A18: 25 - 34 | B18: 29 | C18: =COUNTIF(Raw_Data[age],'Age Categories'!B18) -> 14 | D18: =SUMIF(Raw_Data[age],'Age Categories'!B18,Raw_Data[churned]) -> 2
A19: 25 - 34 | B19: 30 | C19: =COUNTIF(Raw_Data[age],'Age Categories'!B19) -> 12 | D19: =SUMIF(Raw_Data[age],'Age Categories'!B19,Raw_Data[churned]) -> 3
... A53: 55 - 64 | B53: 64 | C53: =COUNTIF(Raw_Data[age],'Age Categories'!B53) -> 10 | D53: =SUMIF(Raw_Data[age],'Age Categories'!B53,Raw_Data[churned]) -> 3

Sheet Pivot Table
A3: Row Labels | B3: Sum of avg_listening_hours_per_week | C3: Sum of total_songs_played | D3: Sum of monthly_fee | H3: Country
A4: Brazil | B4: 468.8 | C4: 20240 | D4: 282.73 | H4: Brazil | I4: Ghana | J4: India | K4: Kenya | L4: Nepal | M4: Nigeria | N4: South Africa | O4: United Kingdom | P4: USA
A5: Family | B5: 135.8 | C5: 7147 | D5: 107.88 | G5: Satisfaction Score
A6: Free | B6: 26.1 | C6: 1547 | D6: 0 | G6: Null | H6: =COUNTIFS(Raw_Data[country],"Brazil",Raw_Data[satisfaction_score], "") -> 1 | I6: =COUNTIFS(Raw_Data[country],"Ghana",Raw_Data[satisfaction_score], "") -> 4 | J6: =COUNTIFS(Raw_Data[country],"India",Raw_Data[satisfaction_score], "") -> 10 | K6: =COUNTIFS(Raw_Data[country],"Kenya",Raw_Data[satisfaction_score], "") -> 3 | L6: =COUNTIFS(Raw_Data[country],"Nepal",Raw_Data[satisfaction_score], "") -> 5 | M6: =COUNTIFS(Raw_Data[country],"Nigeria",Raw_Data[satisfaction_score], "") -> 5 | N6: =COUNTIFS(Raw_Data[country],"South Africa",Raw_Data[satisfaction_score], "") -> 2 | O6: =COUNTIFS(Raw_Data[country],"United Kingdom",Raw_Data[satisfaction_score], "") -> 12 | P6: =COUNTIFS(Raw_Data[country],"USA",Raw_Data[satisfaction_score], "") -> 2
A7: Premium | B7: 102 | C7: 4040 | D7: 60.95 | G7: 1 | H7: =COUNTIFS(Raw_Data[country],"Brazil",Raw_Data[satisfaction_score],1) -> 2 | I7: =COUNTIFS(Raw_Data[country],"Ghana",Raw_Data[satisfaction_score], 1) -> 4 | J7: =COUNTIFS(Raw_Data[country],"India",Raw_Data[satisfaction_score], 1) -> 11 | K7: =COUNTIFS(Raw_Data[country],"Kenya",Raw_Data[satisfaction_score], 1) -> 7 | L7: =COUNTIFS(Raw_Data[country],"Nepal",Raw_Data[satisfaction_score], 1) -> 5 | M7: =COUNTIFS(Raw_Data[country],"Nigeria",Raw_Data[satisfaction_score], 1) -> 6 | N7: =COUNTIFS(Raw_Data[country],"South Africa",Raw_Data[satisfaction_score], 1) -> 9 | O7: =COUNTIFS(Raw_Data[country],"United Kingdom",Raw_Data[satisfaction_score], 1) -> 18 | P7: =COUNTIFS(Raw_Data[country],"USA",Raw_Data[satisfaction_score], 1) -> 11
A8: Student | B8: 204.9 | C8: 7506 | D8: 113.9 | G8: 2 | H8: =COUNTIFS(Raw_Data[country],"Brazil",Raw_Data[satisfaction_score],2) -> 9 | I8: =COUNTIFS(Raw_Data[country],"Ghana",Raw_Data[satisfaction_score], 2) -> 9 | J8: =COUNTIFS(Raw_Data[country],"India",Raw_Data[satisfaction_score], 2) -> 21 | K8: =COUNTIFS(Raw_Data[country],"Kenya",Raw_Data[satisfaction_score], 2) -> 8 | L8: =COUNTIFS(Raw_Data[country],"Nepal",Raw_Data[satisfaction_score], 2) -> 5 | M8: =COUNTIFS(Raw_Data[country],"Nigeria",Raw_Data[satisfaction_score], 2) -> 15 | N8: =COUNTIFS(Raw_Data[country],"South Africa",Raw_Data[satisfaction_score], 2) -> 10 | O8: =COUNTIFS(Raw_Data[country],"United Kingdom",Raw_Data[satisfaction_score], 2) -> 21 | P8: =COUNTIFS(Raw_Data[country],"USA",Raw_Data[satisfaction_score], 2) -> 8
A9: Ghana | B9: 540 | C9: 27799 | D9: 295.72 | G9: 3 | H9: =COUNTIFS(Raw_Data[country],"Brazil",Raw_Data[satisfaction_score],3) -> 13 | I9: =COUNTIFS(Raw_Data[country],"Ghana",Raw_Data[satisfaction_score], 3) -> 21 | J9: =COUNTIFS(Raw_Data[country],"India",Raw_Data[satisfaction_score], 3) -> 34 | K9: =COUNTIFS(Raw_Data[country],"Kenya",Raw_Data[satisfaction_score], 3) -> 19 | L9: =COUNTIFS(Raw_Data[country],"Nepal",Raw_Data[satisfaction_score], 3) -> 12 | M9: =COUNTIFS(Raw_Data[country],"Nigeria",Raw_Data[satisfaction_score], 3) -> 27 | N9: =COUNTIFS(Raw_Data[country],"South Africa",Raw_Data[satisfaction_score], 3) -> 14 | O9: =COUNTIFS(Raw_Data[country],"United Kingdom",Raw_Data[satisfaction_score], 3) -> 62 | P9: =COUNTIFS(Raw_Data[country],"USA",Raw_Data[satisfaction_score], 3) -> 27
A10: Family | B10: 88.2 | C10: 5883 | D10: 73.93 | G10: 4 | H10: =COUNTIFS(Raw_Data[country],"Brazil",Raw_Data[satisfaction_score],4) -> 7 | I10: =COUNTIFS(Raw_Data[country],"Ghana",Raw_Data[satisfaction_score], 4) -> 9 | J10: =COUNTIFS(Raw_Data[country],"India",Raw_Data[satisfaction_score], 4) -> 24 | K10: =COUNTIFS(Raw_Data[country],"Kenya",Raw_Data[satisfaction_score], 4) -> 19 | L10: =COUNTIFS(Raw_Data[country],"Nepal",Raw_Data[satisfaction_score], 4) -> 15 | M10: =COUNTIFS(Raw_Data[country],"Nigeria",Raw_Data[satisfaction_score], 4) -> 6 | N10: =COUNTIFS(Raw_Data[country],"South Africa",Raw_Data[satisfaction_score], 4) -> 14 | O10: =COUNTIFS(Raw_Data[country],"United Kingdom",Raw_Data[satisfaction_score], 4) -> 43 | P10: =COUNTIFS(Raw_Data[country],"USA",Raw_Data[satisfaction_score], 4) -> 15
A11: Free | B11: 115.1 | C11: 6054 | D11: 0 | G11: 5 | H11: =COUNTIFS(Raw_Data[country],"Brazil",Raw_Data[satisfaction_score],5) -> 8 | I11: =COUNTIFS(Raw_Data[country],"Ghana",Raw_Data[satisfaction_score], 5) -> 9 | J11: =COUNTIFS(Raw_Data[country],"India",Raw_Data[satisfaction_score], 5) -> 14 | K11: =COUNTIFS(Raw_Data[country],"Kenya",Raw_Data[satisfaction_score], 5) -> 9 | L11: =COUNTIFS(Raw_Data[country],"Nepal",Raw_Data[satisfaction_score], 5) -> 4 | M11: =COUNTIFS(Raw_Data[country],"Nigeria",Raw_Data[satisfaction_score], 5) -> 6 | N11: =COUNTIFS(Raw_Data[country],"South Africa",Raw_Data[satisfaction_score], 5) -> 6 | O11: =COUNTIFS(Raw_Data[country],"United Kingdom",Raw_Data[satisfaction_score], 5) -> 27 | P11: =COUNTIFS(Raw_Data[country],"USA",Raw_Data[satisfaction_score], 5) -> 13
A12: Premium | B12: 154.6 | C12: 7965 | D12: 111.89 | G12: Total | H12: =SUM(H6:H11) -> 40 | I12: =SUM(I6:I11) -> 56 | J12: =SUM(J6:J11) -> 114 | K12: =SUM(K6:K11) -> 65 | L12: =SUM(L6:L11) -> 46 | M12: =SUM(M6:M11) -> 65 | N12: =SUM(N6:N11) -> 55 | O12: =SUM(O6:O11) -> 183 | P12: =SUM(P6:P11) -> 76 | Q12: =SUM(H12:P12) -> 700
A13: Student | B13: 182.1 | C13: 7897 | D13: 109.9
A14: India | B14: 1097.7 | C14: 56986 | D14: 726.29 | G14: Net Monthly Income per Customer | H14: =D4/H12 -> 7.06825 | I14: =D9/I12 -> 5.2807143 | J14: =D14/J12 -> 6.3709649 | K14: =D19/K12 -> 6.286 | L14: =D24/L12 -> 7.2541304 | M14: =D29/M12 -> 5.6870769 | N14: =D34/N12 -> 5.9581818 | O14: =D39/O12 -> 6.3327869 | P14: =D44/P12 -> 6.3097368
A15: Family | B15: 293.5 | C15: 16095 | D15: 241.77
A16: Free | B16: 127.7 | C16: 6465 | D16: 0
A17: Premium | B17: 332.1 | C17: 18080 | D17: 274.73 | G17: Churn
A18: Student | B18: 344.4 | C18: 16346 | D18: 209.79 | H18: =AVERAGEIFS(Raw_Data[[churned]:[churned]],Raw_Data[[country]:[country]],H4) -> 0.375 | I18: =AVERAGEIFS(Raw_Data[[churned]:[churned]],Raw_Data[[country]:[country]],I4) -> 0.375 | J18: =AVERAGEIFS(Raw_Data[[churned]:[churned]],Raw_Data[[country]:[country]],J4) -> 0.24561404 | K18: =AVERAGEIFS(Raw_Data[[churned]:[churned]],Raw_Data[[country]:[country]],K4) -> 0.32307692 | L18: =AVERAGEIFS(Raw_Data[[churned]:[churned]],Raw_Data[[country]:[country]],L4) -> 0.26086957 | M18: =AVERAGEIFS(Raw_Data[[churned]:[churned]],Raw_Data[[country]:[country]],M4) -> 0.38461538 | N18: =AVERAGEIFS(Raw_Data[[churned]:[churned]],Raw_Data[[country]:[country]],N4) -> 0.27272727 | O18: =AVERAGEIFS(Raw_Data[[churned]:[churned]],Raw_Data[[country]:[country]],O4) -> 0.32240437 | P18: =AVERAGEIFS(Raw_Data[[churned]:[churned]],Raw_Data[[country]:[country]],P4) -> 0.23684211
A19: Kenya | B19: 622 | C19: 32442 | D19: 408.59
A20: Family | B20: 232.7 | C20: 11908 | D20: 165.84
A21: Free | B21: 95.9 | C21: 4606 | D21: 0
A22: Premium | B22: 146.5 | C22: 8479 | D22: 124.87
A23: Student | B23: 146.9 | C23: 7449 | D23: 117.88
A24: Nepal | B24: 468.4 | C24: 22688 | D24: 333.69
A25: Family | B25: 194.6 | C25: 9390 | D25: 147.86
A26: Free | B26: 43.6 | C26: 2936 | D26: 0
A27: Premium | B27: 86.6 | C27: 4012 | D27: 83.92
A28: Student | B28: 143.6 | C28: 6350 | D28: 101.91
A29: Nigeria | B29: 646.2 | C29: 32505 | D29: 369.66
A30: Family | B30: 117.5 | C30: 7466 | D30: 87.92
... A49: Grand Total | B49: 7017.7 | C49: 349344 | D49: 4382.82
